﻿<?xml version="1.0" encoding="UTF-8"?>
<ConfigDumpInfo xmlns="http://v8.1c.ru/8.3/xcf/dumpinfo" xmlns:xen="http://v8.1c.ru/8.3/xcf/enums" xmlns:xs="http://www.w3.org/2001/XMLSchema" xmlns:xsi="http://www.w3.org/2001/XMLSchema-instance" format="Hierarchical" version="2.16">
	<ConfigVersions>
		<Metadata name="Catalog.СписокФайлов" id="9d587778-05f1-423f-97f7-ca77d32bacce" configVersion="cf2905f38e30c24bb517280f60df08df00000000">
			<Metadata name="Catalog.СписокФайлов.TabularSection.Картинки" id="2dc9ba7e-1582-481e-a9f3-2b4d1ef0406f"/>
			<Metadata name="Catalog.СписокФайлов.Attribute.Размер" id="458bda4e-e4f1-44f5-a211-189b0482bc0c"/>
			<Metadata name="Catalog.СписокФайлов.TabularSection.Картинки.Attribute.НазваниеКартинки" id="682af8aa-4aae-4fac-b7f5-a408f059dd51"/>
			<Metadata name="Catalog.СписокФайлов.TabularSection.Картинки.Attribute.ДатаИзменения" id="6e89d4fa-a5f5-4054-8972-ebc969d343b0"/>
			<Metadata name="Catalog.СписокФайлов.Attribute.ДатаВывода" id="a08d1abd-0af7-40c2-9f9a-a07e6d8070ae"/>
			<Metadata name="Catalog.СписокФайлов.Attribute.ДанныеФайлаКартинки" id="ad37d562-a0ab-4f02-904f-9789b7c2fb4e"/>
			<Metadata name="Catalog.СписокФайлов.TabularSection.Картинки.Attribute.ДанныеФайлаКартинкиТЧ" id="f0e584fd-cd89-4a86-a9f5-3870c380e075"/>
		</Metadata>
		<Metadata name="Catalog.СписокФайлов.Form.ФормаЭлемента" id="16ad7fda-58c8-4bbd-8b99-974425073a47" configVersion="277d6797f1f2fe48a9884926e9dad6f700000000"/>
		<Metadata name="Catalog.СписокФайлов.Form.ФормаЭлемента.Form" id="16ad7fda-58c8-4bbd-8b99-974425073a47.0" configVersion="b450a90dfde7704895387af7d74bba7f00000000"/>
		<Metadata name="Catalog.ХранилищеКартинок" id="4e49d7e1-a173-4152-8e9c-8868b29fb762" configVersion="4e67e465dcad68448ab341787716680900000000">
			<Metadata name="Catalog.ХранилищеКартинок.Attribute.ХранилищеКартинки" id="548a7c14-2611-4c79-b81b-25298902248d"/>
			<Metadata name="Catalog.ХранилищеКартинок.Attribute.ДатаСозданияКартинки" id="bbd8790b-916b-4e29-bc65-ca80ea570226"/>
		</Metadata>
		<Metadata name="Configuration.Конфигурация" id="8d5e04f5-5dd1-43ab-8611-1dc2fcd5cb02" configVersion="84b38d54304ce84cb49994e668c1b2c800000000"/>
		<Metadata name="Constant.Токен" id="01cf6af0-0761-42e3-9cfb-a56210cf598d" configVersion="395d2cacd1ff58428552642cd281522200000000"/>
		<Metadata name="Constant.ЧатID" id="625ee464-0e8a-42f7-8bd9-d94a2ae95a0b" configVersion="6799845e4c5a8c479e0bbc9937ce57a600000000"/>
		<Metadata name="DataProcessor.Обработка1" id="4af8c0d9-64f3-4a6d-b537-be7312e70cc1" configVersion="dfaf83ad4c2bc847ba846b049416066600000000"/>
		<Metadata name="DataProcessor.Обработка1.Form.Форма" id="5125e16c-f783-4d7e-82e8-56e73716b7e1" configVersion="5f9848f7db28064cb3e9515cc31d609200000000"/>
		<Metadata name="DataProcessor.Обработка1.Form.Форма.Form" id="5125e16c-f783-4d7e-82e8-56e73716b7e1.0" configVersion="8cd3a56a55b6e14d80adbf7b4ba5812000000000"/>
		<Metadata name="DataProcessor.бот" id="197edb3b-4ba1-4d14-afb2-4b123401266c" configVersion="585f14100d16144baa02d173893163a000000000"/>
		<Metadata name="DataProcessor.бот.Form.Форма" id="0c24669a-7e25-4f0c-9931-4247bc191be4" configVersion="47f78a8068c0e247ace0ab5cf49f674500000000"/>
		<Metadata name="DataProcessor.бот.Form.Форма.Form" id="0c24669a-7e25-4f0c-9931-4247bc191be4.0" configVersion="719eddf53a82324787bdc98407eafc1d00000000"/>
		<Metadata name="Language.Русский" id="c6bc4420-e0de-4003-a859-3ae6e741ad96" configVersion="256ee1ee8c9db94fb2e9c3bd18392a7900000000"/>
	</ConfigVersions>
</ConfigDumpInfo>